{
  "id": "",
  "name": "",
  "font_family": "iconfont",
  "css_prefix_text": "icon-",
  "description": "",
  "glyphs": [
    {
      "icon_id": "17425313",
      "name": "猫咪",
      "font_class": "chongwutubiao02",
      "unicode": "e601",
      "unicode_decimal": 58881
    },
    {
      "icon_id": "17425314",
      "name": "猫咪",
      "font_class": "chongwutubiao03",
      "unicode": "e602",
      "unicode_decimal": 58882
    },
    {
      "icon_id": "17425315",
      "name": "猫咪",
      "font_class": "chongwutubiao04",
      "unicode": "e603",
      "unicode_decimal": 58883
    },
    {
      "icon_id": "17425316",
      "name": "猫咪",
      "font_class": "chongwutubiao01",
      "unicode": "e604",
      "unicode_decimal": 58884
    },
    {
      "icon_id": "17425317",
      "name": "宠物玩耍",
      "font_class": "chongwutubiao05",
      "unicode": "e605",
      "unicode_decimal": 58885
    },
    {
      "icon_id": "17425318",
      "name": "宠物之爱",
      "font_class": "chongwutubiao06",
      "unicode": "e606",
      "unicode_decimal": 58886
    },
    {
      "icon_id": "17425320",
      "name": "狗肠胃",
      "font_class": "chongwutubiao10",
      "unicode": "e607",
      "unicode_decimal": 58887
    },
    {
      "icon_id": "17425321",
      "name": "狗",
      "font_class": "chongwutubiao11",
      "unicode": "e608",
      "unicode_decimal": 58888
    },
    {
      "icon_id": "17425322",
      "name": "猫狗",
      "font_class": "chongwutubiao09",
      "unicode": "e609",
      "unicode_decimal": 58889
    },
    {
      "icon_id": "17425323",
      "name": "猫玩耍",
      "font_class": "chongwutubiao15",
      "unicode": "e60a",
      "unicode_decimal": 58890
    },
    {
      "icon_id": "17425324",
      "name": "猫睡觉",
      "font_class": "chongwutubiao14",
      "unicode": "e60b",
      "unicode_decimal": 58891
    },
    {
      "icon_id": "17425325",
      "name": "猫爪",
      "font_class": "chongwutubiao12",
      "unicode": "e60c",
      "unicode_decimal": 58892
    },
    {
      "icon_id": "17425326",
      "name": "狗爪",
      "font_class": "chongwutubiao08",
      "unicode": "e60d",
      "unicode_decimal": 58893
    },
    {
      "icon_id": "17425327",
      "name": "狗",
      "font_class": "chongwutubiao13",
      "unicode": "e60e",
      "unicode_decimal": 58894
    },
    {
      "icon_id": "17425328",
      "name": "狗头",
      "font_class": "chongwutubiao24",
      "unicode": "e60f",
      "unicode_decimal": 58895
    },
    {
      "icon_id": "17425329",
      "name": "猫狗",
      "font_class": "chongwutubiao22",
      "unicode": "e610",
      "unicode_decimal": 58896
    },
    {
      "icon_id": "17425330",
      "name": "猫爪",
      "font_class": "chongwutubiao18",
      "unicode": "e611",
      "unicode_decimal": 58897
    },
    {
      "icon_id": "17425331",
      "name": "猫脸",
      "font_class": "chongwutubiao19",
      "unicode": "e612",
      "unicode_decimal": 58898
    },
    {
      "icon_id": "17425334",
      "name": "猫狗",
      "font_class": "chongwutubiao17",
      "unicode": "e613",
      "unicode_decimal": 58899
    },
    {
      "icon_id": "17425362",
      "name": "猫咪",
      "font_class": "chongwutubiao16",
      "unicode": "e614",
      "unicode_decimal": 58900
    }
  ]
}
